OrderID,OrderDate,CustomerID,ProductID,Quantity,DiscountPct,GrossSales,DiscountAmount,NetSales
O0001,2025-04-23,C047,P024,2,0.0,124.26,0.0,124.26
O0002,2025-12-29,C066,P024,5,0.2,310.65,62.13,248.52
O0003,2025-07-29,C056,P034,5,0.0,1204.85,0.0,1204.85
O0004,2025-04-05,C045,P046,5,0.05,1452.0,72.6,1379.4
O0005,2025-02-23,C003,P019,1,0.0,47.1,0.0,47.1
O0006,2025-07-30,C003,P029,5,0.05,811.1,40.56,770.54
O0007,2025-02-03,C055,P038,3,0.0,999.36,0.0,999.36
O0008,2025-07-08,C037,P024,6,0.05,372.78,18.64,354.14
O0009,2025-09-14,C004,P038,1,0.05,333.12,16.66,316.46
O0010,2025-01-19,C027,P024,6,0.1,372.78,37.28,335.5
O0011,2025-05-13,C017,P023,2,0.0,766.56,0.0,766.56
O0012,2025-10-06,C078,P033,8,0.0,2751.28,0.0,2751.28
O0013,2025-01-05,C009,P003,1,0.1,178.5,17.85,160.65
O0014,2025-04-03,C001,P026,5,0.15,955.0,143.25,811.75
O0015,2025-01-12,C040,P036,1,0.1,317.52,31.75,285.77
O0016,2025-12-26,C042,P050,2,0.05,777.12,38.86,738.26
O0017,2025-12-29,C005,P011,6,0.0,2467.62,0.0,2467.62
O0018,2025-02-22,C031,P039,2,0.1,743.52,74.35,669.17
O0019,2025-04-05,C045,P021,8,0.0,1454.96,0.0,1454.96
O0020,2025-08-12,C060,P036,5,0.05,1587.6,79.38,1508.22
O0021,2025-07-29,C026,P022,8,0.0,1557.84,0.0,1557.84
O0022,2025-12-22,C068,P024,5,0.15,310.65,46.6,264.05
O0023,2025-11-16,C072,P011,8,0.15,3290.16,493.52,2796.64
O0024,2025-06-26,C012,P008,6,0.05,1373.64,68.68,1304.96
O0025,2025-01-03,C004,P041,5,0.1,659.1,65.91,593.19
O0026,2025-10-05,C079,P011,1,0.05,411.27,20.56,390.71
O0027,2025-02-28,C053,P008,8,0.2,1831.52,366.3,1465.22
O0028,2025-07-21,C028,P037,2,0.2,740.88,148.18,592.7
O0029,2025-06-01,C017,P041,4,0.05,527.28,26.36,500.92
O0030,2025-11-06,C025,P038,8,0.15,2664.96,399.74,2265.22
O0031,2025-04-09,C001,P030,8,0.05,906.4,45.32,861.08
O0032,2025-05-24,C014,P046,5,0.05,1452.0,72.6,1379.4
O0033,2025-01-15,C030,P032,7,0.15,2517.2,377.58,2139.62
O0034,2025-09-23,C066,P036,6,0.15,1905.12,285.77,1619.35
O0035,2025-04-29,C051,P015,8,0.2,3070.4,614.08,2456.32
O0036,2025-06-08,C080,P032,1,0.15,359.6,53.94,305.66
O0037,2025-09-30,C051,P007,7,0.05,2380.07,119.0,2261.07
O0038,2025-04-18,C048,P011,3,0.15,1233.81,185.07,1048.74
O0039,2025-02-13,C011,P006,4,0.1,1171.96,117.2,1054.76
O0040,2025-12-27,C045,P033,8,0.15,2751.28,412.69,2338.59
O0041,2025-02-17,C046,P011,2,0.05,822.54,41.13,781.41
O0042,2025-01-15,C053,P008,3,0.0,686.82,0.0,686.82
O0043,2025-04-13,C070,P008,2,0.1,457.88,45.79,412.09
O0044,2025-04-18,C054,P032,2,0.05,719.2,35.96,683.24
O0045,2025-03-04,C052,P022,8,0.15,1557.84,233.68,1324.16
O0046,2025-11-09,C043,P011,6,0.05,2467.62,123.38,2344.24
O0047,2025-06-17,C066,P038,6,0.0,1998.72,0.0,1998.72
O0048,2025-09-14,C066,P049,1,0.05,270.34,13.52,256.82
O0049,2025-05-16,C028,P011,8,0.1,3290.16,329.02,2961.14
O0050,2025-07-24,C062,P008,1,0.15,228.94,34.34,194.6
O0051,2025-11-03,C014,P012,7,0.1,2309.37,230.94,2078.43
O0052,2025-11-28,C024,P044,3,0.15,598.68,89.8,508.88
O0053,2025-08-27,C005,P011,4,0.1,1645.08,164.51,1480.57
O0054,2025-10-17,C049,P041,8,0.05,1054.56,52.73,1001.83
O0055,2025-02-13,C043,P039,5,0.0,1858.8,0.0,1858.8
O0056,2025-08-02,C060,P038,1,0.0,333.12,0.0,333.12
O0057,2025-08-26,C045,P032,7,0.0,2517.2,0.0,2517.2
O0058,2025-09-16,C047,P008,1,0.0,228.94,0.0,228.94
O0059,2025-04-09,C007,P032,4,0.15,1438.4,215.76,1222.64
O0060,2025-08-29,C060,P044,5,0.0,997.8,0.0,997.8
O0061,2025-05-26,C068,P022,5,0.05,973.65,48.68,924.97
O0062,2025-03-15,C030,P029,8,0.15,1297.76,194.66,1103.1
O0063,2025-11-08,C055,P040,2,0.1,111.12,11.11,100.01
O0064,2025-04-06,C013,P006,1,0.15,292.99,43.95,249.04
O0065,2025-09-01,C048,P005,7,0.05,1246.07,62.3,1183.77
O0066,2025-12-17,C021,P019,7,0.15,329.7,49.46,280.24
O0067,2025-05-05,C054,P006,7,0.1,2050.93,205.09,1845.84
O0068,2025-01-18,C072,P020,2,0.05,487.56,24.38,463.18
O0069,2025-11-08,C013,P044,2,0.0,399.12,0.0,399.12
O0070,2025-02-24,C078,P002,5,0.0,1451.15,0.0,1451.15
O0071,2025-10-26,C002,P011,1,0.1,411.27,41.13,370.14
O0072,2025-09-08,C016,P020,3,0.05,731.34,36.57,694.77
O0073,2025-12-20,C022,P041,1,0.0,131.82,0.0,131.82
O0074,2025-10-07,C067,P019,6,0.2,282.6,56.52,226.08
O0075,2025-01-09,C073,P034,6,0.1,1445.82,144.58,1301.24
O0076,2025-04-11,C042,P024,8,0.1,497.04,49.7,447.34
O0077,2025-01-01,C071,P011,1,0.05,411.27,20.56,390.71
O0078,2025-05-17,C018,P024,5,0.05,310.65,15.53,295.12
O0079,2025-12-16,C015,P040,5,0.15,277.8,41.67,236.13
O0080,2025-12-07,C013,P029,7,0.2,1135.54,227.11,908.43
O0081,2025-09-15,C055,P006,1,0.1,292.99,29.3,263.69
O0082,2025-05-21,C062,P012,7,0.0,2309.37,0.0,2309.37
O0083,2025-06-17,C074,P046,5,0.1,1452.0,145.2,1306.8
O0084,2025-02-27,C072,P016,3,0.0,1259.58,0.0,1259.58
O0085,2025-08-26,C051,P014,7,0.0,1542.17,0.0,1542.17
O0086,2025-10-15,C009,P015,6,0.0,2302.8,0.0,2302.8
O0087,2025-01-07,C068,P011,8,0.05,3290.16,164.51,3125.65
O0088,2025-04-18,C071,P048,7,0.05,1808.31,90.42,1717.89
O0089,2025-07-08,C019,P046,3,0.15,871.2,130.68,740.52
O0090,2025-12-18,C033,P038,4,0.2,1332.48,266.5,1065.98
O0091,2025-05-21,C037,P023,8,0.0,3066.24,0.0,3066.24
O0092,2025-03-03,C052,P036,3,0.15,952.56,142.88,809.68
O0093,2025-08-25,C056,P036,7,0.2,2222.64,444.53,1778.11
O0094,2025-04-11,C055,P044,5,0.0,997.8,0.0,997.8
O0095,2025-07-20,C021,P011,4,0.2,1645.08,329.02,1316.06
O0096,2025-12-26,C072,P024,6,0.15,372.78,55.92,316.86
O0097,2025-05-21,C016,P047,3,0.1,829.71,82.97,746.74
O0098,2025-06-13,C039,P011,6,0.0,2467.62,0.0,2467.62
O0099,2025-12-29,C060,P018,3,0.05,918.6,45.93,872.67
O0100,2025-01-27,C038,P024,3,0.05,186.39,9.32,177.07
O0101,2025-03-11,C027,P011,8,0.05,3290.16,164.51,3125.65
O0102,2025-09-27,C053,P002,2,0.0,580.46,0.0,580.46
O0103,2025-10-29,C067,P011,6,0.1,2467.62,246.76,2220.86
O0104,2025-12-27,C063,P034,8,0.1,1927.76,192.78,1734.98
O0105,2025-09-02,C011,P041,8,0.15,1054.56,158.18,896.38
O0106,2025-01-14,C034,P015,1,0.1,383.8,38.38,345.42
O0107,2025-04-16,C035,P011,8,0.15,3290.16,493.52,2796.64
O0108,2025-08-21,C066,P008,1,0.15,228.94,34.34,194.6
O0109,2025-11-27,C007,P014,1,0.0,220.31,0.0,220.31
O0110,2025-03-16,C051,P038,5,0.05,1665.6,83.28,1582.32
O0111,2025-10-20,C076,P043,1,0.05,324.1,16.21,307.89
O0112,2025-09-26,C076,P028,7,0.1,1735.93,173.59,1562.34
O0113,2025-01-28,C080,P030,1,0.0,113.3,0.0,113.3
O0114,2025-04-29,C006,P006,6,0.05,1757.94,87.9,1670.04
O0115,2025-05-27,C010,P005,1,0.2,178.01,35.6,142.41
O0116,2025-12-20,C031,P034,7,0.1,1686.79,168.68,1518.11
O0117,2025-01-20,C016,P008,6,0.1,1373.64,137.36,1236.28
O0118,2025-05-16,C030,P024,8,0.05,497.04,24.85,472.19
O0119,2025-01-26,C043,P003,1,0.1,178.5,17.85,160.65
O0120,2025-11-02,C079,P008,6,0.1,1373.64,137.36,1236.28
O0121,2025-04-17,C004,P015,4,0.0,1535.2,0.0,1535.2
O0122,2025-03-23,C067,P021,2,0.15,363.74,54.56,309.18
O0123,2025-01-01,C069,P018,2,0.0,612.4,0.0,612.4
O0124,2025-08-18,C061,P006,4,0.2,1171.96,234.39,937.57
O0125,2025-02-09,C011,P011,3,0.2,1233.81,246.76,987.05
O0126,2025-06-14,C057,P017,7,0.1,882.35,88.24,794.11
O0127,2025-03-07,C023,P022,6,0.2,1168.38,233.68,934.7
O0128,2025-08-19,C047,P032,3,0.1,1078.8,107.88,970.92
O0129,2025-04-20,C034,P022,5,0.2,973.65,194.73,778.92
O0130,2025-03-24,C078,P007,1,0.15,340.01,51.0,289.01
O0131,2025-05-08,C063,P002,1,0.05,290.23,14.51,275.72
O0132,2025-11-30,C008,P005,6,0.15,1068.06,160.21,907.85
O0133,2025-09-25,C049,P002,1,0.15,290.23,43.53,246.7
O0134,2025-07-26,C028,P023,1,0.1,383.28,38.33,344.95
O0135,2025-09-23,C037,P029,1,0.05,162.22,8.11,154.11
O0136,2025-01-10,C062,P024,3,0.0,186.39,0.0,186.39
O0137,2025-12-27,C027,P022,7,0.05,1363.11,68.16,1294.95
O0138,2025-01-22,C047,P011,1,0.1,411.27,41.13,370.14
O0139,2025-12-01,C045,P008,5,0.05,1144.7,57.24,1087.46
O0140,2025-08-23,C016,P049,2,0.15,540.68,81.1,459.58
O0141,2025-12-28,C011,P028,3,0.0,743.97,0.0,743.97
O0142,2025-01-03,C031,P005,8,0.0,1424.08,0.0,1424.08
O0143,2025-10-18,C073,P024,1,0.0,62.13,0.0,62.13
O0144,2025-11-18,C005,P006,8,0.0,2343.92,0.0,2343.92
O0145,2025-08-13,C052,P049,3,0.1,811.02,81.1,729.92
O0146,2025-04-17,C071,P018,8,0.2,2449.6,489.92,1959.68
O0147,2025-11-02,C026,P024,1,0.1,62.13,6.21,55.92
O0148,2025-07-31,C065,P035,1,0.2,256.53,51.31,205.22
O0149,2025-06-10,C044,P023,7,0.0,2682.96,0.0,2682.96
O0150,2025-03-13,C034,P018,1,0.0,306.2,0.0,306.2
O0151,2025-08-23,C021,P029,8,0.15,1297.76,194.66,1103.1
O0152,2025-11-10,C047,P006,2,0.05,585.98,29.3,556.68
O0153,2025-04-27,C078,P011,5,0.0,2056.35,0.0,2056.35
O0154,2025-07-06,C067,P033,2,0.0,687.82,0.0,687.82
O0155,2025-06-26,C031,P008,5,0.15,1144.7,171.7,973.0
O0156,2025-02-03,C076,P019,4,0.2,188.4,37.68,150.72
O0157,2025-02-16,C001,P008,4,0.15,915.76,137.36,778.4
O0158,2025-12-18,C025,P042,4,0.15,868.64,130.3,738.34
O0159,2025-09-07,C036,P038,8,0.1,2664.96,266.5,2398.46
O0160,2025-05-03,C047,P012,8,0.15,2639.28,395.89,2243.39
O0161,2025-12-31,C029,P011,5,0.05,2056.35,102.82,1953.53
O0162,2025-08-04,C010,P028,5,0.2,1239.95,247.99,991.96
O0163,2025-07-20,C071,P017,7,0.0,882.35,0.0,882.35
O0164,2025-06-23,C047,P011,4,0.05,1645.08,82.25,1562.83
O0165,2025-10-26,C051,P009,5,0.0,1621.1,0.0,1621.1
O0166,2025-12-29,C063,P040,2,0.1,111.12,11.11,100.01
O0167,2025-03-16,C044,P011,3,0.0,1233.81,0.0,1233.81
O0168,2025-07-30,C026,P024,8,0.15,497.04,74.56,422.48
O0169,2025-08-08,C055,P029,6,0.05,973.32,48.67,924.65
O0170,2025-10-28,C052,P011,3,0.1,1233.81,123.38,1110.43
O0171,2025-10-25,C056,P015,5,0.1,1919.0,191.9,1727.1
O0172,2025-05-09,C060,P046,8,0.05,2323.2,116.16,2207.04
O0173,2025-02-11,C027,P022,2,0.0,389.46,0.0,389.46
O0174,2025-12-29,C042,P007,6,0.15,2040.06,306.01,1734.05
O0175,2025-02-06,C020,P049,4,0.1,1081.36,108.14,973.22
O0176,2025-10-23,C020,P011,4,0.0,1645.08,0.0,1645.08
O0177,2025-07-14,C005,P023,8,0.15,3066.24,459.94,2606.3
O0178,2025-05-29,C017,P020,5,0.1,1218.9,121.89,1097.01
O0179,2025-01-17,C078,P038,2,0.0,666.24,0.0,666.24
O0180,2025-09-23,C026,P011,4,0.1,1645.08,164.51,1480.57
O0181,2025-12-24,C017,P034,8,0.0,1927.76,0.0,1927.76
O0182,2025-05-07,C055,P022,6,0.1,1168.38,116.84,1051.54
O0183,2025-06-20,C018,P046,8,0.1,2323.2,232.32,2090.88
O0184,2025-10-12,C018,P007,5,0.0,1700.05,0.0,1700.05
O0185,2025-01-17,C001,P011,1,0.0,411.27,0.0,411.27
O0186,2025-11-01,C025,P005,4,0.05,712.04,35.6,676.44
O0187,2025-01-08,C028,P024,1,0.05,62.13,3.11,59.02
O0188,2025-03-10,C038,P038,3,0.15,999.36,149.9,849.46
O0189,2025-05-14,C022,P041,1,0.15,131.82,19.77,112.05
O0190,2025-11-22,C020,P008,5,0.1,1144.7,114.47,1030.23
O0191,2025-12-29,C009,P029,1,0.05,162.22,8.11,154.11
O0192,2025-04-11,C063,P008,4,0.1,915.76,91.58,824.18
O0193,2025-09-09,C024,P043,7,0.15,2268.7,340.3,1928.4
O0194,2025-04-07,C052,P011,2,0.0,822.54,0.0,822.54
O0195,2025-07-13,C011,P046,3,0.1,871.2,87.12,784.08
O0196,2025-01-20,C050,P001,6,0.0,1030.44,0.0,1030.44
O0197,2025-08-06,C016,P011,5,0.05,2056.35,102.82,1953.53
O0198,2025-10-08,C017,P034,5,0.05,1204.85,60.24,1144.61
O0199,2025-12-14,C078,P029,7,0.05,1135.54,56.78,1078.76
O0200,2025-03-13,C020,P028,3,0.0,743.97,0.0,743.97
O0201,2025-04-01,C068,P038,8,0.15,2664.96,399.74,2265.22
O0202,2025-04-18,C023,P046,4,0.05,1161.6,58.08,1103.52
O0203,2025-01-09,C038,P011,7,0.05,2878.89,143.94,2734.95
O0204,2025-07-16,C062,P037,1,0.0,370.44,0.0,370.44
O0205,2025-11-24,C056,P002,8,0.15,2321.84,348.28,1973.56
O0206,2025-12-17,C070,P013,8,0.1,2166.08,216.61,1949.47
O0207,2025-01-09,C015,P019,5,0.1,235.5,23.55,211.95
O0208,2025-02-01,C077,P002,5,0.1,1451.15,145.12,1306.03
O0209,2025-04-04,C018,P041,6,0.0,790.92,0.0,790.92
O0210,2025-12-05,C013,P022,8,0.0,1557.84,0.0,1557.84
O0211,2025-03-02,C047,P036,7,0.15,2222.64,333.4,1889.24
O0212,2025-07-06,C059,P003,7,0.05,1249.5,62.48,1187.02
O0213,2025-01-16,C030,P032,4,0.15,1438.4,215.76,1222.64
O0214,2025-09-26,C057,P029,8,0.0,1297.76,0.0,1297.76
O0215,2025-01-04,C006,P011,5,0.1,2056.35,205.64,1850.71
O0216,2025-03-03,C025,P002,7,0.15,2031.61,304.74,1726.87
O0217,2025-11-15,C048,P002,8,0.05,2321.84,116.09,2205.75
O0218,2025-03-18,C056,P024,4,0.0,248.52,0.0,248.52
O0219,2025-05-25,C034,P011,2,0.05,822.54,41.13,781.41
O0220,2025-09-27,C069,P034,1,0.15,240.97,36.15,204.82
O0221,2025-03-05,C015,P011,2,0.05,822.54,41.13,781.41
O0222,2025-07-17,C048,P048,6,0.1,1549.98,155.0,1394.98
O0223,2025-06-06,C057,P024,2,0.1,124.26,12.43,111.83
O0224,2025-07-26,C008,P047,6,0.0,1659.42,0.0,1659.42
O0225,2025-05-20,C076,P024,7,0.0,434.91,0.0,434.91
O0226,2025-04-01,C061,P007,5,0.1,1700.05,170.0,1530.05
O0227,2025-11-02,C070,P048,6,0.1,1549.98,155.0,1394.98
O0228,2025-09-06,C035,P044,2,0.0,399.12,0.0,399.12
O0229,2025-01-10,C024,P019,7,0.1,329.7,32.97,296.73
O0230,2025-02-01,C049,P011,1,0.05,411.27,20.56,390.71
O0231,2025-09-18,C058,P031,4,0.05,961.68,48.08,913.6
O0232,2025-08-18,C058,P048,5,0.15,1291.65,193.75,1097.9
O0233,2025-06-10,C020,P002,4,0.15,1160.92,174.14,986.78
O0234,2025-02-03,C044,P007,3,0.05,1020.03,51.0,969.03
O0235,2025-03-08,C040,P023,2,0.05,766.56,38.33,728.23
O0236,2025-01-24,C009,P038,3,0.1,999.36,99.94,899.42
O0237,2025-08-16,C047,P008,1,0.15,228.94,34.34,194.6
O0238,2025-04-16,C040,P015,5,0.1,1919.0,191.9,1727.1
O0239,2025-03-06,C023,P008,8,0.05,1831.52,91.58,1739.94
O0240,2025-03-25,C015,P017,8,0.1,1008.4,100.84,907.56
O0241,2025-05-04,C056,P046,7,0.05,2032.8,101.64,1931.16
O0242,2025-09-26,C036,P011,6,0.0,2467.62,0.0,2467.62
O0243,2025-12-27,C062,P038,1,0.1,333.12,33.31,299.81
O0244,2025-05-12,C045,P011,6,0.0,2467.62,0.0,2467.62
O0245,2025-05-16,C042,P008,8,0.1,1831.52,183.15,1648.37
O0246,2025-07-05,C033,P008,6,0.15,1373.64,206.05,1167.59
O0247,2025-07-08,C015,P046,3,0.05,871.2,43.56,827.64
O0248,2025-01-23,C025,P006,8,0.0,2343.92,0.0,2343.92
O0249,2025-05-24,C076,P011,5,0.05,2056.35,102.82,1953.53
O0250,2025-01-08,C009,P017,2,0.1,252.1,25.21,226.89
O0251,2025-02-15,C044,P043,2,0.05,648.2,32.41,615.79
O0252,2025-05-10,C048,P024,2,0.1,124.26,12.43,111.83
O0253,2025-05-01,C033,P034,3,0.1,722.91,72.29,650.62
O0254,2025-08-26,C031,P027,1,0.0,407.38,0.0,407.38
O0255,2025-09-25,C004,P032,5,0.1,1798.0,179.8,1618.2
O0256,2025-04-19,C045,P011,6,0.0,2467.62,0.0,2467.62
O0257,2025-05-21,C047,P008,8,0.1,1831.52,183.15,1648.37
O0258,2025-01-15,C007,P024,3,0.1,186.39,18.64,167.75
O0259,2025-10-04,C045,P005,6,0.15,1068.06,160.21,907.85
O0260,2025-02-13,C076,P041,6,0.1,790.92,79.09,711.83
O0261,2025-02-06,C003,P024,1,0.0,62.13,0.0,62.13
O0262,2025-07-17,C046,P024,1,0.1,62.13,6.21,55.92
O0263,2025-06-05,C068,P007,6,0.1,2040.06,204.01,1836.05
O0264,2025-08-04,C035,P043,8,0.15,2592.8,388.92,2203.88
O0265,2025-09-28,C071,P008,3,0.1,686.82,68.68,618.14
O0266,2025-08-25,C044,P008,6,0.05,1373.64,68.68,1304.96
O0267,2025-04-06,C061,P023,8,0.2,3066.24,613.25,2452.99
O0268,2025-05-17,C033,P010,3,0.0,1170.78,0.0,1170.78
O0269,2025-12-03,C016,P016,4,0.15,1679.44,251.92,1427.52
O0270,2025-08-04,C032,P003,1,0.15,178.5,26.78,151.72
O0271,2025-07-21,C069,P040,6,0.15,333.36,50.0,283.36
O0272,2025-04-02,C071,P008,8,0.0,1831.52,0.0,1831.52
O0273,2025-04-21,C053,P041,7,0.1,922.74,92.27,830.47
O0274,2025-11-28,C048,P046,5,0.0,1452.0,0.0,1452.0
O0275,2025-03-01,C048,P019,4,0.0,188.4,0.0,188.4
O0276,2025-11-10,C022,P034,4,0.1,963.88,96.39,867.49
O0277,2025-01-02,C067,P002,1,0.05,290.23,14.51,275.72
O0278,2025-05-20,C080,P023,7,0.2,2682.96,536.59,2146.37
O0279,2025-09-23,C025,P024,1,0.15,62.13,9.32,52.81
O0280,2025-08-04,C026,P035,6,0.0,1539.18,0.0,1539.18
O0281,2025-07-16,C016,P029,5,0.0,811.1,0.0,811.1
O0282,2025-01-22,C066,P050,1,0.1,388.56,38.86,349.7
O0283,2025-04-29,C060,P034,8,0.0,1927.76,0.0,1927.76
O0284,2025-03-29,C022,P046,4,0.0,1161.6,0.0,1161.6
O0285,2025-02-08,C028,P011,1,0.0,411.27,0.0,411.27
O0286,2025-01-26,C012,P020,3,0.0,731.34,0.0,731.34
O0287,2025-04-19,C042,P034,7,0.0,1686.79,0.0,1686.79
O0288,2025-03-08,C006,P003,1,0.1,178.5,17.85,160.65
O0289,2025-11-23,C049,P024,6,0.15,372.78,55.92,316.86
O0290,2025-10-20,C064,P017,1,0.1,126.05,12.6,113.45
O0291,2025-11-15,C031,P048,5,0.0,1291.65,0.0,1291.65
O0292,2025-11-01,C059,P024,5,0.0,310.65,0.0,310.65
O0293,2025-10-22,C028,P010,5,0.0,1951.3,0.0,1951.3
O0294,2025-06-17,C005,P044,3,0.0,598.68,0.0,598.68
O0295,2025-12-29,C068,P002,6,0.05,1741.38,87.07,1654.31
O0296,2025-03-27,C027,P017,8,0.1,1008.4,100.84,907.56
O0297,2025-07-11,C063,P018,2,0.05,612.4,30.62,581.78
O0298,2025-12-01,C032,P009,5,0.1,1621.1,162.11,1458.99
O0299,2025-08-29,C043,P018,7,0.15,2143.4,321.51,1821.89
O0300,2025-01-29,C051,P034,1,0.2,240.97,48.19,192.78
O0301,2025-05-24,C025,P042,1,0.1,217.16,21.72,195.44
O0302,2025-10-16,C076,P036,4,0.0,1270.08,0.0,1270.08
O0303,2025-12-11,C058,P046,5,0.1,1452.0,145.2,1306.8
O0304,2025-11-05,C070,P008,2,0.0,457.88,0.0,457.88
O0305,2025-08-13,C013,P047,6,0.05,1659.42,82.97,1576.45
O0306,2025-04-24,C062,P011,4,0.15,1645.08,246.76,1398.32
O0307,2025-10-12,C003,P015,5,0.1,1919.0,191.9,1727.1
O0308,2025-12-27,C048,P036,8,0.05,2540.16,127.01,2413.15
O0309,2025-12-08,C019,P025,7,0.2,2648.59,529.72,2118.87
O0310,2025-12-30,C026,P022,1,0.1,194.73,19.47,175.26
O0311,2025-08-25,C023,P039,5,0.05,1858.8,92.94,1765.86
O0312,2025-08-22,C012,P050,8,0.05,3108.48,155.42,2953.06
O0313,2025-06-06,C078,P018,1,0.0,306.2,0.0,306.2
O0314,2025-11-25,C024,P040,2,0.0,111.12,0.0,111.12
O0315,2025-06-06,C057,P020,8,0.0,1950.24,0.0,1950.24
O0316,2025-01-16,C048,P042,8,0.2,1737.28,347.46,1389.82
O0317,2025-06-03,C040,P048,3,0.1,774.99,77.5,697.49
O0318,2025-08-02,C037,P038,3,0.1,999.36,99.94,899.42
O0319,2025-08-26,C065,P011,2,0.1,822.54,82.25,740.29
O0320,2025-03-17,C062,P041,4,0.1,527.28,52.73,474.55
O0321,2025-07-25,C051,P011,8,0.2,3290.16,658.03,2632.13
O0322,2025-10-02,C031,P049,4,0.05,1081.36,54.07,1027.29
O0323,2025-04-26,C046,P036,8,0.2,2540.16,508.03,2032.13
O0324,2025-08-25,C069,P046,1,0.15,290.4,43.56,246.84
O0325,2025-09-17,C024,P026,5,0.2,955.0,191.0,764.0
O0326,2025-05-23,C064,P047,5,0.0,1382.85,0.0,1382.85
O0327,2025-07-18,C031,P042,5,0.1,1085.8,108.58,977.22
O0328,2025-08-13,C069,P024,6,0.1,372.78,37.28,335.5
O0329,2025-12-06,C039,P035,7,0.05,1795.71,89.79,1705.92
O0330,2025-09-16,C040,P010,3,0.1,1170.78,117.08,1053.7
O0331,2025-08-24,C042,P024,3,0.0,186.39,0.0,186.39
O0332,2025-07-12,C004,P034,3,0.0,722.91,0.0,722.91
O0333,2025-10-02,C060,P007,5,0.1,1700.05,170.0,1530.05
O0334,2025-06-10,C002,P002,3,0.1,870.69,87.07,783.62
O0335,2025-02-14,C067,P038,1,0.15,333.12,49.97,283.15
O0336,2025-09-07,C070,P011,1,0.05,411.27,20.56,390.71
O0337,2025-12-24,C003,P016,1,0.1,419.86,41.99,377.87
O0338,2025-07-09,C066,P007,6,0.15,2040.06,306.01,1734.05
O0339,2025-08-29,C054,P038,6,0.0,1998.72,0.0,1998.72
O0340,2025-12-14,C011,P019,6,0.1,282.6,28.26,254.34
O0341,2025-03-25,C074,P024,7,0.15,434.91,65.24,369.67
O0342,2025-01-16,C004,P005,6,0.1,1068.06,106.81,961.25
O0343,2025-01-31,C079,P008,2,0.05,457.88,22.89,434.99
O0344,2025-11-02,C013,P011,7,0.15,2878.89,431.83,2447.06
O0345,2025-12-21,C015,P048,3,0.0,774.99,0.0,774.99
O0346,2025-10-15,C036,P021,1,0.15,181.87,27.28,154.59
O0347,2025-06-29,C080,P028,2,0.0,495.98,0.0,495.98
O0348,2025-09-16,C044,P048,4,0.2,1033.32,206.66,826.66
O0349,2025-07-31,C071,P020,8,0.05,1950.24,97.51,1852.73
O0350,2025-02-19,C001,P001,1,0.1,171.74,17.17,154.57
O0351,2025-12-29,C058,P038,8,0.1,2664.96,266.5,2398.46
O0352,2025-01-22,C050,P041,8,0.0,1054.56,0.0,1054.56
O0353,2025-10-19,C024,P020,6,0.1,1462.68,146.27,1316.41
O0354,2025-03-17,C031,P036,8,0.1,2540.16,254.02,2286.14
O0355,2025-06-20,C062,P008,4,0.1,915.76,91.58,824.18
O0356,2025-10-19,C021,P014,3,0.1,660.93,66.09,594.84
O0357,2025-10-06,C057,P019,7,0.0,329.7,0.0,329.7
O0358,2025-10-07,C044,P039,5,0.05,1858.8,92.94,1765.86
O0359,2025-03-26,C066,P038,2,0.1,666.24,66.62,599.62
O0360,2025-11-10,C076,P011,5,0.1,2056.35,205.64,1850.71
O0361,2025-04-24,C012,P011,5,0.15,2056.35,308.45,1747.9
O0362,2025-12-22,C011,P040,6,0.0,333.36,0.0,333.36
O0363,2025-05-15,C037,P045,1,0.15,363.94,54.59,309.35
O0364,2025-03-22,C063,P011,7,0.05,2878.89,143.94,2734.95
O0365,2025-11-19,C015,P018,5,0.05,1531.0,76.55,1454.45
O0366,2025-03-16,C072,P039,6,0.1,2230.56,223.06,2007.5
O0367,2025-10-18,C058,P011,6,0.1,2467.62,246.76,2220.86
O0368,2025-02-15,C037,P038,6,0.05,1998.72,99.94,1898.78
O0369,2025-12-22,C032,P001,5,0.0,858.7,0.0,858.7
O0370,2025-10-14,C004,P044,3,0.0,598.68,0.0,598.68
O0371,2025-07-18,C031,P027,5,0.1,2036.9,203.69,1833.21
O0372,2025-12-05,C020,P024,4,0.05,248.52,12.43,236.09
O0373,2025-06-18,C040,P011,7,0.05,2878.89,143.94,2734.95
O0374,2025-10-10,C022,P007,1,0.05,340.01,17.0,323.01
O0375,2025-04-07,C045,P028,5,0.15,1239.95,185.99,1053.96
O0376,2025-12-12,C028,P019,4,0.1,188.4,18.84,169.56
O0377,2025-11-15,C021,P044,1,0.15,199.56,29.93,169.63
O0378,2025-03-25,C061,P024,4,0.0,248.52,0.0,248.52
O0379,2025-04-17,C044,P015,1,0.15,383.8,57.57,326.23
O0380,2025-06-30,C003,P030,5,0.05,566.5,28.33,538.17
O0381,2025-05-14,C024,P038,5,0.0,1665.6,0.0,1665.6
O0382,2025-07-27,C074,P023,6,0.2,2299.68,459.94,1839.74
O0383,2025-03-23,C073,P016,7,0.0,2939.02,0.0,2939.02
O0384,2025-05-07,C012,P032,2,0.05,719.2,35.96,683.24
O0385,2025-09-28,C005,P019,1,0.1,47.1,4.71,42.39
O0386,2025-05-14,C025,P018,8,0.05,2449.6,122.48,2327.12
O0387,2025-12-07,C026,P024,5,0.1,310.65,31.06,279.59
O0388,2025-05-30,C076,P024,7,0.1,434.91,43.49,391.42
O0389,2025-09-12,C024,P023,3,0.1,1149.84,114.98,1034.86
O0390,2025-07-20,C021,P046,8,0.0,2323.2,0.0,2323.2
O0391,2025-11-28,C054,P019,3,0.1,141.3,14.13,127.17
O0392,2025-08-08,C037,P046,2,0.1,580.8,58.08,522.72
O0393,2025-05-26,C052,P023,7,0.0,2682.96,0.0,2682.96
O0394,2025-01-09,C039,P023,1,0.15,383.28,57.49,325.79
O0395,2025-01-10,C012,P029,4,0.0,648.88,0.0,648.88
O0396,2025-07-05,C061,P011,8,0.1,3290.16,329.02,2961.14
O0397,2025-08-18,C018,P041,5,0.2,659.1,131.82,527.28
O0398,2025-09-23,C080,P024,3,0.05,186.39,9.32,177.07
O0399,2025-02-09,C047,P043,4,0.2,1296.4,259.28,1037.12
O0400,2025-01-11,C054,P017,3,0.1,378.15,37.82,340.33
O0401,2025-05-01,C052,P008,4,0.1,915.76,91.58,824.18
O0402,2025-05-03,C037,P014,8,0.15,1762.48,264.37,1498.11
O0403,2025-01-17,C049,P010,3,0.05,1170.78,58.54,1112.24
O0404,2025-09-28,C018,P048,3,0.05,774.99,38.75,736.24
O0405,2025-09-18,C054,P022,8,0.1,1557.84,155.78,1402.06
O0406,2025-02-19,C060,P015,7,0.1,2686.6,268.66,2417.94
O0407,2025-08-01,C025,P001,4,0.15,686.96,103.04,583.92
O0408,2025-09-05,C049,P032,4,0.0,1438.4,0.0,1438.4
O0409,2025-11-08,C004,P007,2,0.2,680.02,136.0,544.02
O0410,2025-11-09,C039,P011,6,0.0,2467.62,0.0,2467.62
O0411,2025-06-25,C054,P001,4,0.1,686.96,68.7,618.26
O0412,2025-04-15,C040,P034,4,0.0,963.88,0.0,963.88
O0413,2025-08-16,C046,P038,2,0.2,666.24,133.25,532.99
O0414,2025-02-19,C039,P011,7,0.1,2878.89,287.89,2591.0
O0415,2025-09-19,C064,P038,2,0.05,666.24,33.31,632.93
O0416,2025-07-03,C020,P008,3,0.0,686.82,0.0,686.82
O0417,2025-09-26,C058,P033,1,0.05,343.91,17.2,326.71
O0418,2025-02-15,C017,P038,3,0.15,999.36,149.9,849.46
O0419,2025-08-29,C042,P006,2,0.1,585.98,58.6,527.38
O0420,2025-11-05,C011,P024,2,0.0,124.26,0.0,124.26
O0421,2025-07-24,C079,P005,3,0.05,534.03,26.7,507.33
O0422,2025-04-11,C009,P049,5,0.2,1351.7,270.34,1081.36
O0423,2025-08-25,C048,P044,8,0.05,1596.48,79.82,1516.66
O0424,2025-03-13,C005,P024,1,0.1,62.13,6.21,55.92
O0425,2025-04-15,C070,P024,1,0.0,62.13,0.0,62.13
O0426,2025-08-07,C006,P036,1,0.15,317.52,47.63,269.89
O0427,2025-08-13,C033,P035,7,0.2,1795.71,359.14,1436.57
O0428,2025-09-04,C052,P019,7,0.1,329.7,32.97,296.73
O0429,2025-11-01,C035,P011,6,0.0,2467.62,0.0,2467.62
O0430,2025-06-01,C065,P047,2,0.15,553.14,82.97,470.17
O0431,2025-01-05,C043,P033,2,0.0,687.82,0.0,687.82
O0432,2025-08-20,C051,P011,3,0.05,1233.81,61.69,1172.12
O0433,2025-05-02,C063,P025,2,0.2,756.74,151.35,605.39
O0434,2025-11-04,C072,P044,6,0.1,1197.36,119.74,1077.62
O0435,2025-01-24,C074,P044,6,0.1,1197.36,119.74,1077.62
O0436,2025-12-28,C021,P007,8,0.1,2720.08,272.01,2448.07
O0437,2025-03-28,C051,P019,8,0.05,376.8,18.84,357.96
O0438,2025-04-22,C003,P050,1,0.1,388.56,38.86,349.7
O0439,2025-08-17,C051,P044,8,0.1,1596.48,159.65,1436.83
O0440,2025-01-05,C044,P046,5,0.1,1452.0,145.2,1306.8
O0441,2025-05-02,C013,P038,8,0.0,2664.96,0.0,2664.96
O0442,2025-10-05,C033,P023,3,0.05,1149.84,57.49,1092.35
O0443,2025-06-27,C035,P024,2,0.1,124.26,12.43,111.83
O0444,2025-04-11,C022,P011,5,0.05,2056.35,102.82,1953.53
O0445,2025-03-25,C009,P042,6,0.05,1302.96,65.15,1237.81
O0446,2025-02-15,C008,P007,7,0.1,2380.07,238.01,2142.06
O0447,2025-03-01,C049,P029,6,0.05,973.32,48.67,924.65
O0448,2025-09-04,C057,P015,2,0.0,767.6,0.0,767.6
O0449,2025-11-15,C012,P023,6,0.2,2299.68,459.94,1839.74
O0450,2025-07-04,C015,P046,4,0.1,1161.6,116.16,1045.44
O0451,2025-02-04,C039,P048,7,0.0,1808.31,0.0,1808.31
O0452,2025-07-07,C073,P004,7,0.0,1574.65,0.0,1574.65
O0453,2025-03-05,C011,P011,1,0.15,411.27,61.69,349.58
O0454,2025-04-21,C077,P005,3,0.15,534.03,80.1,453.93
O0455,2025-04-08,C006,P001,1,0.1,171.74,17.17,154.57
O0456,2025-09-11,C041,P005,8,0.0,1424.08,0.0,1424.08
O0457,2025-12-19,C050,P035,7,0.1,1795.71,179.57,1616.14
O0458,2025-07-08,C032,P008,2,0.1,457.88,45.79,412.09
O0459,2025-10-15,C080,P017,4,0.0,504.2,0.0,504.2
O0460,2025-08-01,C077,P006,1,0.0,292.99,0.0,292.99
O0461,2025-09-17,C019,P033,1,0.05,343.91,17.2,326.71
O0462,2025-11-17,C020,P001,5,0.05,858.7,42.94,815.76
O0463,2025-01-01,C014,P023,5,0.15,1916.4,287.46,1628.94
O0464,2025-02-25,C065,P011,6,0.05,2467.62,123.38,2344.24
O0465,2025-10-25,C054,P017,2,0.05,252.1,12.6,239.5
O0466,2025-09-08,C035,P046,8,0.05,2323.2,116.16,2207.04
O0467,2025-07-16,C056,P046,3,0.1,871.2,87.12,784.08
O0468,2025-05-07,C049,P042,2,0.0,434.32,0.0,434.32
O0469,2025-11-22,C022,P018,6,0.05,1837.2,91.86,1745.34
O0470,2025-06-18,C048,P011,3,0.1,1233.81,123.38,1110.43
O0471,2025-08-11,C026,P024,8,0.15,497.04,74.56,422.48
O0472,2025-12-19,C067,P024,4,0.1,248.52,24.85,223.67
O0473,2025-04-26,C012,P001,8,0.0,1373.92,0.0,1373.92
O0474,2025-10-04,C024,P014,2,0.1,440.62,44.06,396.56
O0475,2025-12-15,C076,P005,6,0.0,1068.06,0.0,1068.06
O0476,2025-09-07,C009,P019,1,0.2,47.1,9.42,37.68
O0477,2025-03-12,C061,P011,6,0.1,2467.62,246.76,2220.86
O0478,2025-12-13,C004,P002,8,0.1,2321.84,232.18,2089.66
O0479,2025-11-04,C071,P018,8,0.1,2449.6,244.96,2204.64
O0480,2025-09-25,C031,P011,3,0.2,1233.81,246.76,987.05
O0481,2025-10-13,C036,P017,2,0.1,252.1,25.21,226.89
O0482,2025-11-03,C021,P011,2,0.05,822.54,41.13,781.41
O0483,2025-05-07,C012,P016,1,0.1,419.86,41.99,377.87
O0484,2025-02-02,C006,P003,8,0.0,1428.0,0.0,1428.0
O0485,2025-11-05,C080,P038,7,0.05,2331.84,116.59,2215.25
O0486,2025-08-25,C024,P011,4,0.1,1645.08,164.51,1480.57
O0487,2025-09-12,C041,P024,7,0.1,434.91,43.49,391.42
O0488,2025-08-14,C048,P011,8,0.05,3290.16,164.51,3125.65
O0489,2025-09-14,C064,P027,1,0.1,407.38,40.74,366.64
O0490,2025-07-21,C048,P024,3,0.15,186.39,27.96,158.43
O0491,2025-02-13,C066,P041,6,0.0,790.92,0.0,790.92
O0492,2025-04-23,C036,P029,6,0.0,973.32,0.0,973.32
O0493,2025-12-18,C039,P044,8,0.0,1596.48,0.0,1596.48
O0494,2025-08-15,C076,P008,5,0.05,1144.7,57.24,1087.46
O0495,2025-02-07,C033,P024,2,0.2,124.26,24.85,99.41
O0496,2025-04-25,C033,P032,5,0.2,1798.0,359.6,1438.4
O0497,2025-01-27,C068,P020,4,0.1,975.12,97.51,877.61
O0498,2025-01-17,C026,P023,4,0.2,1533.12,306.62,1226.5
O0499,2025-12-30,C074,P036,5,0.1,1587.6,158.76,1428.84
O0500,2025-06-28,C033,P023,7,0.1,2682.96,268.3,2414.66
O0501,2025-05-14,C033,P009,5,0.0,1621.1,0.0,1621.1
O0502,2025-06-02,C019,P011,4,0.0,1645.08,0.0,1645.08
O0503,2025-01-01,C078,P047,1,0.15,276.57,41.49,235.08
O0504,2025-08-16,C023,P015,6,0.0,2302.8,0.0,2302.8
O0505,2025-06-30,C004,P024,6,0.1,372.78,37.28,335.5
O0506,2025-06-22,C044,P023,8,0.1,3066.24,306.62,2759.62
O0507,2025-12-15,C006,P034,7,0.1,1686.79,168.68,1518.11
O0508,2025-10-25,C033,P011,2,0.05,822.54,41.13,781.41
O0509,2025-04-04,C069,P031,7,0.15,1682.94,252.44,1430.5
O0510,2025-05-25,C038,P015,2,0.1,767.6,76.76,690.84
O0511,2025-09-24,C048,P020,8,0.0,1950.24,0.0,1950.24
O0512,2025-07-07,C039,P016,8,0.05,3358.88,167.94,3190.94
O0513,2025-03-26,C072,P045,1,0.1,363.94,36.39,327.55
O0514,2025-11-06,C019,P007,1,0.0,340.01,0.0,340.01
O0515,2025-12-20,C046,P011,6,0.1,2467.62,246.76,2220.86
O0516,2025-05-29,C032,P029,6,0.1,973.32,97.33,875.99
O0517,2025-02-11,C017,P019,6,0.1,282.6,28.26,254.34
O0518,2025-11-29,C054,P046,7,0.15,2032.8,304.92,1727.88
O0519,2025-04-19,C053,P036,2,0.1,635.04,63.5,571.54
O0520,2025-10-15,C008,P038,6,0.1,1998.72,199.87,1798.85
O0521,2025-09-20,C057,P003,8,0.15,1428.0,214.2,1213.8
O0522,2025-02-12,C057,P024,7,0.0,434.91,0.0,434.91
O0523,2025-02-25,C070,P028,5,0.0,1239.95,0.0,1239.95
O0524,2025-09-28,C072,P031,5,0.15,1202.1,180.31,1021.79
O0525,2025-02-14,C064,P024,8,0.0,497.04,0.0,497.04
O0526,2025-09-20,C043,P045,4,0.1,1455.76,145.58,1310.18
O0527,2025-08-16,C015,P008,1,0.15,228.94,34.34,194.6
O0528,2025-04-26,C006,P046,7,0.0,2032.8,0.0,2032.8
O0529,2025-03-15,C016,P002,7,0.05,2031.61,101.58,1930.03
O0530,2025-08-24,C006,P032,1,0.0,359.6,0.0,359.6
O0531,2025-04-23,C025,P011,3,0.15,1233.81,185.07,1048.74
O0532,2025-11-30,C014,P048,1,0.15,258.33,38.75,219.58
O0533,2025-09-10,C004,P007,6,0.0,2040.06,0.0,2040.06
O0534,2025-04-29,C006,P028,8,0.0,1983.92,0.0,1983.92
O0535,2025-11-26,C066,P044,5,0.0,997.8,0.0,997.8
O0536,2025-05-30,C027,P002,2,0.1,580.46,58.05,522.41
O0537,2025-01-02,C074,P011,8,0.1,3290.16,329.02,2961.14
O0538,2025-06-01,C069,P049,3,0.2,811.02,162.2,648.82
O0539,2025-03-19,C068,P048,3,0.0,774.99,0.0,774.99
O0540,2025-04-05,C053,P039,2,0.0,743.52,0.0,743.52
O0541,2025-02-08,C002,P034,5,0.0,1204.85,0.0,1204.85
O0542,2025-05-04,C060,P029,2,0.15,324.44,48.67,275.77
O0543,2025-09-13,C054,P032,2,0.05,719.2,35.96,683.24
O0544,2025-08-18,C005,P024,5,0.1,310.65,31.06,279.59
O0545,2025-03-20,C043,P038,5,0.1,1665.6,166.56,1499.04
O0546,2025-01-23,C037,P024,3,0.15,186.39,27.96,158.43
O0547,2025-12-10,C025,P038,7,0.0,2331.84,0.0,2331.84
O0548,2025-05-13,C042,P040,1,0.1,55.56,5.56,50.0
O0549,2025-07-20,C054,P015,8,0.0,3070.4,0.0,3070.4
O0550,2025-10-18,C020,P002,6,0.15,1741.38,261.21,1480.17
O0551,2025-10-28,C011,P033,3,0.0,1031.73,0.0,1031.73
O0552,2025-10-31,C041,P029,8,0.0,1297.76,0.0,1297.76
O0553,2025-08-03,C027,P036,6,0.0,1905.12,0.0,1905.12
O0554,2025-12-16,C004,P018,1,0.05,306.2,15.31,290.89
O0555,2025-08-13,C037,P046,7,0.1,2032.8,203.28,1829.52
O0556,2025-12-20,C072,P020,5,0.15,1218.9,182.84,1036.06
O0557,2025-12-16,C037,P015,4,0.1,1535.2,153.52,1381.68
O0558,2025-03-25,C041,P019,7,0.0,329.7,0.0,329.7
O0559,2025-07-04,C058,P039,7,0.05,2602.32,130.12,2472.2
O0560,2025-04-29,C002,P011,8,0.0,3290.16,0.0,3290.16
O0561,2025-12-28,C072,P036,2,0.1,635.04,63.5,571.54
O0562,2025-04-25,C038,P008,1,0.0,228.94,0.0,228.94
O0563,2025-02-02,C030,P018,4,0.15,1224.8,183.72,1041.08
O0564,2025-08-16,C022,P011,5,0.2,2056.35,411.27,1645.08
O0565,2025-02-17,C023,P022,2,0.0,389.46,0.0,389.46
O0566,2025-02-26,C018,P023,8,0.0,3066.24,0.0,3066.24
O0567,2025-02-20,C033,P024,6,0.05,372.78,18.64,354.14
O0568,2025-11-15,C067,P008,7,0.1,1602.58,160.26,1442.32
O0569,2025-08-10,C064,P011,7,0.15,2878.89,431.83,2447.06
O0570,2025-07-17,C014,P008,1,0.05,228.94,11.45,217.49
O0571,2025-05-07,C004,P024,7,0.05,434.91,21.75,413.16
O0572,2025-01-30,C045,P007,2,0.0,680.02,0.0,680.02
O0573,2025-05-07,C067,P019,1,0.05,47.1,2.36,44.74
O0574,2025-03-08,C032,P011,6,0.0,2467.62,0.0,2467.62
O0575,2025-04-25,C029,P006,7,0.1,2050.93,205.09,1845.84
O0576,2025-05-30,C001,P033,1,0.0,343.91,0.0,343.91
O0577,2025-11-16,C054,P048,7,0.1,1808.31,180.83,1627.48
O0578,2025-05-01,C031,P008,4,0.0,915.76,0.0,915.76
O0579,2025-03-20,C067,P040,7,0.05,388.92,19.45,369.47
O0580,2025-12-06,C015,P024,7,0.1,434.91,43.49,391.42
O0581,2025-04-15,C053,P008,5,0.1,1144.7,114.47,1030.23
O0582,2025-04-10,C053,P016,2,0.0,839.72,0.0,839.72
O0583,2025-07-01,C061,P040,4,0.1,222.24,22.22,200.02
O0584,2025-03-29,C053,P034,2,0.0,481.94,0.0,481.94
O0585,2025-05-27,C078,P001,4,0.0,686.96,0.0,686.96
O0586,2025-03-05,C056,P005,1,0.05,178.01,8.9,169.11
O0587,2025-08-14,C062,P028,6,0.05,1487.94,74.4,1413.54
O0588,2025-10-21,C042,P038,1,0.0,333.12,0.0,333.12
O0589,2025-03-20,C014,P008,6,0.0,1373.64,0.0,1373.64
O0590,2025-12-08,C022,P024,8,0.05,497.04,24.85,472.19
O0591,2025-05-17,C073,P033,2,0.1,687.82,68.78,619.04
O0592,2025-11-19,C072,P018,5,0.0,1531.0,0.0,1531.0
O0593,2025-08-10,C002,P019,1,0.0,47.1,0.0,47.1
O0594,2025-01-17,C040,P046,5,0.0,1452.0,0.0,1452.0
O0595,2025-12-14,C011,P024,2,0.0,124.26,0.0,124.26
O0596,2025-11-17,C069,P040,3,0.1,166.68,16.67,150.01
O0597,2025-02-21,C043,P019,7,0.05,329.7,16.48,313.22
O0598,2025-03-31,C016,P019,1,0.05,47.1,2.36,44.74
O0599,2025-11-07,C036,P015,7,0.05,2686.6,134.33,2552.27
O0600,2025-08-23,C055,P011,8,0.05,3290.16,164.51,3125.65
O0601,2025-06-09,C011,P015,2,0.1,767.6,76.76,690.84
O0602,2025-01-06,C057,P008,3,0.05,686.82,34.34,652.48
O0603,2025-08-01,C016,P034,1,0.0,240.97,0.0,240.97
O0604,2025-09-11,C024,P024,8,0.0,497.04,0.0,497.04
O0605,2025-10-01,C034,P036,6,0.0,1905.12,0.0,1905.12
O0606,2025-08-16,C044,P023,3,0.05,1149.84,57.49,1092.35
O0607,2025-03-24,C058,P038,2,0.05,666.24,33.31,632.93
O0608,2025-11-14,C065,P042,5,0.05,1085.8,54.29,1031.51
O0609,2025-01-05,C024,P016,2,0.15,839.72,125.96,713.76
O0610,2025-01-06,C009,P017,1,0.1,126.05,12.6,113.45
O0611,2025-04-16,C039,P028,2,0.05,495.98,24.8,471.18
O0612,2025-05-26,C001,P020,3,0.0,731.34,0.0,731.34
O0613,2025-07-28,C055,P011,3,0.1,1233.81,123.38,1110.43
O0614,2025-07-26,C004,P017,6,0.1,756.3,75.63,680.67
O0615,2025-06-28,C047,P038,4,0.05,1332.48,66.62,1265.86
O0616,2025-07-19,C080,P024,5,0.15,310.65,46.6,264.05
O0617,2025-08-12,C052,P008,7,0.1,1602.58,160.26,1442.32
O0618,2025-12-27,C048,P019,8,0.05,376.8,18.84,357.96
O0619,2025-03-13,C018,P005,2,0.0,356.02,0.0,356.02
O0620,2025-10-09,C045,P006,8,0.05,2343.92,117.2,2226.72
O0621,2025-05-22,C051,P021,2,0.2,363.74,72.75,290.99
O0622,2025-10-03,C036,P011,1,0.15,411.27,61.69,349.58
O0623,2025-01-05,C070,P038,2,0.1,666.24,66.62,599.62
O0624,2025-11-09,C038,P006,8,0.05,2343.92,117.2,2226.72
O0625,2025-01-26,C080,P008,8,0.0,1831.52,0.0,1831.52
O0626,2025-11-22,C060,P015,8,0.1,3070.4,307.04,2763.36
O0627,2025-07-15,C033,P035,2,0.0,513.06,0.0,513.06
O0628,2025-10-20,C009,P011,1,0.0,411.27,0.0,411.27
O0629,2025-04-23,C015,P045,5,0.1,1819.7,181.97,1637.73
O0630,2025-07-27,C045,P008,2,0.15,457.88,68.68,389.2
O0631,2025-03-06,C058,P019,1,0.05,47.1,2.36,44.74
O0632,2025-06-24,C075,P048,5,0.0,1291.65,0.0,1291.65
O0633,2025-04-26,C020,P017,7,0.1,882.35,88.24,794.11
O0634,2025-10-24,C024,P008,7,0.0,1602.58,0.0,1602.58
O0635,2025-06-02,C063,P008,5,0.05,1144.7,57.24,1087.46
O0636,2025-05-09,C055,P008,4,0.15,915.76,137.36,778.4
O0637,2025-11-06,C061,P011,7,0.15,2878.89,431.83,2447.06
O0638,2025-11-08,C018,P048,4,0.05,1033.32,51.67,981.65
O0639,2025-02-10,C067,P048,7,0.0,1808.31,0.0,1808.31
O0640,2025-03-25,C066,P039,5,0.0,1858.8,0.0,1858.8
O0641,2025-07-19,C049,P033,1,0.0,343.91,0.0,343.91
O0642,2025-04-20,C051,P034,7,0.2,1686.79,337.36,1349.43
O0643,2025-06-28,C031,P043,6,0.0,1944.6,0.0,1944.6
O0644,2025-06-02,C063,P008,6,0.0,1373.64,0.0,1373.64
O0645,2025-03-27,C078,P011,7,0.2,2878.89,575.78,2303.11
O0646,2025-10-07,C055,P011,4,0.0,1645.08,0.0,1645.08
O0647,2025-06-16,C003,P008,1,0.1,228.94,22.89,206.05
O0648,2025-11-10,C065,P014,2,0.1,440.62,44.06,396.56
O0649,2025-03-29,C034,P046,2,0.1,580.8,58.08,522.72
O0650,2025-03-31,C010,P017,7,0.0,882.35,0.0,882.35
O0651,2025-07-11,C042,P027,3,0.1,1222.14,122.21,1099.93
O0652,2025-03-23,C056,P008,7,0.2,1602.58,320.52,1282.06
O0653,2025-07-07,C020,P046,1,0.05,290.4,14.52,275.88
O0654,2025-08-16,C070,P038,7,0.0,2331.84,0.0,2331.84
O0655,2025-05-13,C060,P020,8,0.1,1950.24,195.02,1755.22
O0656,2025-05-08,C052,P034,3,0.1,722.91,72.29,650.62
O0657,2025-11-16,C058,P040,6,0.1,333.36,33.34,300.02
O0658,2025-03-14,C063,P016,1,0.0,419.86,0.0,419.86
O0659,2025-07-14,C013,P049,2,0.1,540.68,54.07,486.61
O0660,2025-03-08,C080,P011,6,0.0,2467.62,0.0,2467.62
O0661,2025-04-01,C054,P006,8,0.15,2343.92,351.59,1992.33
O0662,2025-11-01,C075,P022,3,0.0,584.19,0.0,584.19
O0663,2025-12-06,C052,P008,8,0.15,1831.52,274.73,1556.79
O0664,2025-07-26,C016,P029,5,0.1,811.1,81.11,729.99
O0665,2025-09-11,C030,P002,8,0.0,2321.84,0.0,2321.84
O0666,2025-09-10,C077,P018,3,0.0,918.6,0.0,918.6
O0667,2025-04-28,C036,P011,1,0.05,411.27,20.56,390.71
O0668,2025-03-06,C024,P033,1,0.1,343.91,34.39,309.52
O0669,2025-06-18,C045,P011,1,0.0,411.27,0.0,411.27
O0670,2025-10-22,C059,P010,8,0.1,3122.08,312.21,2809.87
O0671,2025-10-12,C051,P046,6,0.2,1742.4,348.48,1393.92
O0672,2025-11-04,C046,P011,4,0.0,1645.08,0.0,1645.08
O0673,2025-11-12,C019,P036,1,0.0,317.52,0.0,317.52
O0674,2025-10-26,C052,P010,3,0.1,1170.78,117.08,1053.7
O0675,2025-01-31,C075,P045,1,0.0,363.94,0.0,363.94
O0676,2025-11-08,C044,P007,2,0.15,680.02,102.0,578.02
O0677,2025-03-06,C068,P011,1,0.1,411.27,41.13,370.14
O0678,2025-06-26,C008,P002,6,0.05,1741.38,87.07,1654.31
O0679,2025-07-28,C009,P032,5,0.05,1798.0,89.9,1708.1
O0680,2025-12-02,C044,P028,1,0.0,247.99,0.0,247.99
O0681,2025-03-02,C050,P002,4,0.05,1160.92,58.05,1102.87
O0682,2025-01-16,C021,P006,8,0.0,2343.92,0.0,2343.92
O0683,2025-05-20,C003,P046,4,0.15,1161.6,174.24,987.36
O0684,2025-12-17,C025,P040,8,0.0,444.48,0.0,444.48
O0685,2025-10-25,C036,P011,7,0.05,2878.89,143.94,2734.95
O0686,2025-01-13,C040,P043,2,0.15,648.2,97.23,550.97
O0687,2025-03-19,C072,P035,6,0.0,1539.18,0.0,1539.18
O0688,2025-07-14,C061,P023,7,0.05,2682.96,134.15,2548.81
O0689,2025-05-10,C039,P006,3,0.1,878.97,87.9,791.07
O0690,2025-06-07,C041,P018,2,0.15,612.4,91.86,520.54
O0691,2025-01-13,C066,P018,5,0.2,1531.0,306.2,1224.8
O0692,2025-12-22,C023,P019,5,0.0,235.5,0.0,235.5
O0693,2025-12-10,C072,P028,1,0.1,247.99,24.8,223.19
O0694,2025-11-19,C033,P029,6,0.1,973.32,97.33,875.99
O0695,2025-05-19,C068,P003,3,0.15,535.5,80.32,455.18
O0696,2025-09-13,C059,P011,2,0.05,822.54,41.13,781.41
O0697,2025-09-04,C051,P033,7,0.0,2407.37,0.0,2407.37
O0698,2025-03-09,C050,P011,2,0.15,822.54,123.38,699.16
O0699,2025-10-24,C007,P019,4,0.0,188.4,0.0,188.4
O0700,2025-12-30,C070,P024,4,0.05,248.52,12.43,236.09
O0701,2025-12-12,C035,P048,2,0.1,516.66,51.67,464.99
O0702,2025-09-16,C079,P034,1,0.15,240.97,36.15,204.82
O0703,2025-09-20,C073,P003,6,0.05,1071.0,53.55,1017.45
O0704,2025-08-17,C064,P032,4,0.0,1438.4,0.0,1438.4
O0705,2025-03-18,C039,P019,8,0.05,376.8,18.84,357.96
O0706,2025-08-27,C015,P017,2,0.05,252.1,12.6,239.5
O0707,2025-04-28,C058,P031,6,0.15,1442.52,216.38,1226.14
O0708,2025-09-02,C012,P011,4,0.0,1645.08,0.0,1645.08
O0709,2025-07-07,C009,P046,7,0.0,2032.8,0.0,2032.8
O0710,2025-10-27,C059,P025,2,0.1,756.74,75.67,681.07
O0711,2025-02-22,C008,P009,6,0.1,1945.32,194.53,1750.79
O0712,2025-09-16,C025,P046,4,0.05,1161.6,58.08,1103.52
O0713,2025-01-11,C067,P018,6,0.15,1837.2,275.58,1561.62
O0714,2025-02-14,C016,P003,3,0.05,535.5,26.78,508.72
O0715,2025-08-28,C073,P041,5,0.0,659.1,0.0,659.1
O0716,2025-10-08,C063,P018,6,0.0,1837.2,0.0,1837.2
O0717,2025-02-23,C011,P034,3,0.0,722.91,0.0,722.91
O0718,2025-09-06,C022,P042,3,0.1,651.48,65.15,586.33
O0719,2025-10-04,C072,P008,3,0.0,686.82,0.0,686.82
O0720,2025-06-13,C040,P029,3,0.0,486.66,0.0,486.66
O0721,2025-01-16,C026,P008,5,0.15,1144.7,171.7,973.0
O0722,2025-07-12,C030,P008,4,0.0,915.76,0.0,915.76
O0723,2025-03-17,C054,P028,7,0.2,1735.93,347.19,1388.74
O0724,2025-02-02,C018,P025,6,0.1,2270.22,227.02,2043.2
O0725,2025-07-04,C054,P040,4,0.0,222.24,0.0,222.24
O0726,2025-12-07,C007,P034,7,0.1,1686.79,168.68,1518.11
O0727,2025-09-03,C029,P036,2,0.0,635.04,0.0,635.04
O0728,2025-03-01,C051,P011,8,0.0,3290.16,0.0,3290.16
O0729,2025-05-16,C043,P027,4,0.1,1629.52,162.95,1466.57
O0730,2025-11-24,C034,P009,7,0.15,2269.54,340.43,1929.11
O0731,2025-03-11,C027,P011,2,0.1,822.54,82.25,740.29
O0732,2025-06-06,C022,P038,5,0.0,1665.6,0.0,1665.6
O0733,2025-03-04,C076,P019,4,0.0,188.4,0.0,188.4
O0734,2025-02-20,C035,P007,3,0.0,1020.03,0.0,1020.03
O0735,2025-06-01,C038,P030,7,0.05,793.1,39.66,753.44
O0736,2025-09-23,C072,P048,5,0.1,1291.65,129.17,1162.48
O0737,2025-03-25,C036,P030,7,0.0,793.1,0.0,793.1
O0738,2025-01-08,C056,P024,4,0.15,248.52,37.28,211.24
O0739,2025-05-29,C072,P041,8,0.0,1054.56,0.0,1054.56
O0740,2025-04-13,C043,P046,1,0.0,290.4,0.0,290.4
O0741,2025-09-30,C072,P010,1,0.0,390.26,0.0,390.26
O0742,2025-11-29,C077,P002,7,0.1,2031.61,203.16,1828.45
O0743,2025-09-08,C029,P038,1,0.0,333.12,0.0,333.12
O0744,2025-07-12,C013,P015,2,0.05,767.6,38.38,729.22
O0745,2025-08-23,C032,P049,8,0.0,2162.72,0.0,2162.72
O0746,2025-04-26,C028,P038,2,0.0,666.24,0.0,666.24
O0747,2025-03-12,C036,P038,5,0.0,1665.6,0.0,1665.6
O0748,2025-07-23,C033,P044,5,0.15,997.8,149.67,848.13
O0749,2025-03-01,C062,P037,1,0.05,370.44,18.52,351.92
O0750,2025-08-18,C072,P038,3,0.2,999.36,199.87,799.49
O0751,2025-02-16,C025,P011,7,0.1,2878.89,287.89,2591.0
O0752,2025-12-13,C027,P008,3,0.0,686.82,0.0,686.82
O0753,2025-07-18,C017,P008,6,0.15,1373.64,206.05,1167.59
O0754,2025-07-19,C065,P032,5,0.15,1798.0,269.7,1528.3
O0755,2025-08-11,C006,P024,8,0.1,497.04,49.7,447.34
O0756,2025-04-25,C020,P014,3,0.15,660.93,99.14,561.79
O0757,2025-03-20,C011,P044,6,0.0,1197.36,0.0,1197.36
O0758,2025-06-03,C024,P038,7,0.15,2331.84,349.78,1982.06
O0759,2025-12-19,C040,P022,6,0.05,1168.38,58.42,1109.96
O0760,2025-07-13,C014,P034,4,0.1,963.88,96.39,867.49
O0761,2025-05-30,C025,P008,7,0.2,1602.58,320.52,1282.06
O0762,2025-01-23,C037,P041,1,0.1,131.82,13.18,118.64
O0763,2025-11-27,C011,P006,7,0.1,2050.93,205.09,1845.84
O0764,2025-06-17,C039,P016,7,0.05,2939.02,146.95,2792.07
O0765,2025-06-30,C071,P020,3,0.05,731.34,36.57,694.77
O0766,2025-09-29,C012,P002,6,0.1,1741.38,174.14,1567.24
O0767,2025-12-27,C065,P021,3,0.0,545.61,0.0,545.61
O0768,2025-04-11,C059,P039,7,0.0,2602.32,0.0,2602.32
O0769,2025-09-29,C010,P038,4,0.1,1332.48,133.25,1199.23
O0770,2025-04-19,C013,P032,5,0.1,1798.0,179.8,1618.2
O0771,2025-08-31,C003,P018,4,0.15,1224.8,183.72,1041.08
O0772,2025-03-03,C041,P050,5,0.05,1942.8,97.14,1845.66
O0773,2025-07-23,C053,P001,4,0.0,686.96,0.0,686.96
O0774,2025-07-13,C079,P010,2,0.0,780.52,0.0,780.52
O0775,2025-07-09,C042,P019,2,0.15,94.2,14.13,80.07
O0776,2025-09-07,C040,P024,5,0.1,310.65,31.06,279.59
O0777,2025-09-10,C009,P003,5,0.0,892.5,0.0,892.5
O0778,2025-05-13,C014,P047,7,0.0,1935.99,0.0,1935.99
O0779,2025-12-19,C034,P037,4,0.1,1481.76,148.18,1333.58
O0780,2025-08-05,C037,P034,2,0.15,481.94,72.29,409.65
O0781,2025-01-29,C060,P011,7,0.0,2878.89,0.0,2878.89
O0782,2025-11-17,C045,P026,2,0.1,382.0,38.2,343.8
O0783,2025-01-30,C059,P027,5,0.05,2036.9,101.85,1935.05
O0784,2025-08-10,C044,P011,4,0.15,1645.08,246.76,1398.32
O0785,2025-12-07,C021,P032,6,0.0,2157.6,0.0,2157.6
O0786,2025-09-24,C036,P014,3,0.1,660.93,66.09,594.84
O0787,2025-08-03,C035,P008,6,0.0,1373.64,0.0,1373.64
O0788,2025-03-11,C034,P046,4,0.05,1161.6,58.08,1103.52
O0789,2025-04-17,C027,P034,4,0.05,963.88,48.19,915.69
O0790,2025-10-06,C017,P011,6,0.0,2467.62,0.0,2467.62
O0791,2025-12-09,C076,P007,5,0.0,1700.05,0.0,1700.05
O0792,2025-11-13,C047,P031,5,0.05,1202.1,60.1,1142.0
O0793,2025-10-09,C031,P030,5,0.15,566.5,84.98,481.52
O0794,2025-06-09,C006,P044,8,0.1,1596.48,159.65,1436.83
O0795,2025-08-02,C023,P002,6,0.1,1741.38,174.14,1567.24
O0796,2025-02-10,C023,P011,2,0.2,822.54,164.51,658.03
O0797,2025-12-28,C067,P023,7,0.1,2682.96,268.3,2414.66
O0798,2025-02-17,C044,P011,6,0.2,2467.62,493.52,1974.1
O0799,2025-05-06,C028,P036,1,0.1,317.52,31.75,285.77
O0800,2025-10-04,C056,P044,3,0.05,598.68,29.93,568.75
O0801,2025-08-29,C071,P002,7,0.2,2031.61,406.32,1625.29
O0802,2025-08-08,C035,P034,2,0.1,481.94,48.19,433.75
O0803,2025-12-15,C061,P011,3,0.15,1233.81,185.07,1048.74
O0804,2025-10-10,C078,P036,3,0.05,952.56,47.63,904.93
O0805,2025-02-15,C060,P020,7,0.15,1706.46,255.97,1450.49
O0806,2025-06-22,C080,P011,3,0.15,1233.81,185.07,1048.74
O0807,2025-04-06,C073,P036,2,0.05,635.04,31.75,603.29
O0808,2025-02-18,C076,P050,6,0.0,2331.36,0.0,2331.36
O0809,2025-12-08,C062,P032,4,0.0,1438.4,0.0,1438.4
O0810,2025-06-11,C030,P036,3,0.0,952.56,0.0,952.56
O0811,2025-08-04,C025,P008,4,0.15,915.76,137.36,778.4
O0812,2025-08-28,C060,P009,3,0.1,972.66,97.27,875.39
O0813,2025-11-01,C025,P022,4,0.15,778.92,116.84,662.08
O0814,2025-12-05,C072,P019,2,0.0,94.2,0.0,94.2
O0815,2025-11-11,C058,P041,8,0.1,1054.56,105.46,949.1
O0816,2025-10-11,C059,P046,3,0.1,871.2,87.12,784.08
O0817,2025-10-03,C068,P014,6,0.1,1321.86,132.19,1189.67
O0818,2025-08-18,C048,P008,8,0.0,1831.52,0.0,1831.52
O0819,2025-04-30,C077,P028,1,0.05,247.99,12.4,235.59
O0820,2025-10-20,C024,P011,2,0.05,822.54,41.13,781.41
O0821,2025-10-21,C072,P032,1,0.1,359.6,35.96,323.64
O0822,2025-06-13,C021,P013,1,0.2,270.76,54.15,216.61
O0823,2025-04-14,C027,P035,4,0.0,1026.12,0.0,1026.12
O0824,2025-01-11,C062,P025,2,0.15,756.74,113.51,643.23
O0825,2025-09-19,C040,P003,5,0.0,892.5,0.0,892.5
O0826,2025-01-23,C064,P008,7,0.0,1602.58,0.0,1602.58
O0827,2025-04-12,C055,P048,6,0.05,1549.98,77.5,1472.48
O0828,2025-11-04,C013,P014,3,0.0,660.93,0.0,660.93
O0829,2025-10-21,C064,P011,7,0.1,2878.89,287.89,2591.0
O0830,2025-03-31,C024,P011,8,0.05,3290.16,164.51,3125.65
O0831,2025-10-08,C037,P024,4,0.05,248.52,12.43,236.09
O0832,2025-02-21,C061,P028,3,0.05,743.97,37.2,706.77
O0833,2025-08-06,C043,P041,2,0.15,263.64,39.55,224.09
O0834,2025-02-07,C080,P010,5,0.0,1951.3,0.0,1951.3
O0835,2025-08-30,C006,P020,3,0.0,731.34,0.0,731.34
O0836,2025-07-28,C032,P011,1,0.05,411.27,20.56,390.71
O0837,2025-09-30,C052,P046,3,0.0,871.2,0.0,871.2
O0838,2025-12-19,C041,P048,1,0.05,258.33,12.92,245.41
O0839,2025-09-14,C034,P023,5,0.1,1916.4,191.64,1724.76
O0840,2025-08-06,C041,P034,7,0.2,1686.79,337.36,1349.43
O0841,2025-11-29,C001,P038,1,0.0,333.12,0.0,333.12
O0842,2025-07-17,C014,P018,5,0.15,1531.0,229.65,1301.35
O0843,2025-04-23,C060,P022,5,0.0,973.65,0.0,973.65
O0844,2025-08-19,C076,P041,6,0.15,790.92,118.64,672.28
O0845,2025-10-17,C075,P008,7,0.05,1602.58,80.13,1522.45
O0846,2025-01-29,C051,P038,6,0.0,1998.72,0.0,1998.72
O0847,2025-03-06,C033,P044,2,0.0,399.12,0.0,399.12
O0848,2025-08-14,C058,P015,7,0.15,2686.6,402.99,2283.61
O0849,2025-11-16,C034,P011,7,0.0,2878.89,0.0,2878.89
O0850,2025-12-25,C038,P019,8,0.1,376.8,37.68,339.12
O0851,2025-09-26,C051,P032,3,0.1,1078.8,107.88,970.92
O0852,2025-10-01,C048,P005,5,0.05,890.05,44.5,845.55
O0853,2025-06-05,C066,P024,8,0.15,497.04,74.56,422.48
O0854,2025-01-09,C025,P035,3,0.05,769.59,38.48,731.11
O0855,2025-09-03,C063,P028,7,0.1,1735.93,173.59,1562.34
O0856,2025-01-15,C066,P011,6,0.0,2467.62,0.0,2467.62
O0857,2025-09-10,C074,P010,7,0.2,2731.82,546.36,2185.46
O0858,2025-08-01,C024,P027,2,0.0,814.76,0.0,814.76
O0859,2025-10-15,C014,P024,4,0.0,248.52,0.0,248.52
O0860,2025-07-01,C026,P038,4,0.15,1332.48,199.87,1132.61
O0861,2025-12-21,C076,P008,4,0.1,915.76,91.58,824.18
O0862,2025-10-15,C064,P023,7,0.1,2682.96,268.3,2414.66
O0863,2025-07-13,C055,P041,3,0.15,395.46,59.32,336.14
O0864,2025-12-17,C045,P028,5,0.05,1239.95,62.0,1177.95
O0865,2025-11-23,C061,P008,3,0.15,686.82,103.02,583.8
O0866,2025-03-13,C001,P038,6,0.1,1998.72,199.87,1798.85
O0867,2025-11-04,C078,P024,6,0.1,372.78,37.28,335.5
O0868,2025-01-26,C017,P031,5,0.15,1202.1,180.31,1021.79
O0869,2025-08-12,C011,P008,2,0.0,457.88,0.0,457.88
O0870,2025-05-27,C073,P036,6,0.1,1905.12,190.51,1714.61
O0871,2025-01-02,C006,P011,2,0.1,822.54,82.25,740.29
O0872,2025-11-28,C031,P028,1,0.0,247.99,0.0,247.99
O0873,2025-02-18,C007,P024,6,0.05,372.78,18.64,354.14
O0874,2025-01-27,C060,P007,8,0.0,2720.08,0.0,2720.08
O0875,2025-12-03,C034,P048,8,0.1,2066.64,206.66,1859.98
O0876,2025-05-10,C079,P018,7,0.15,2143.4,321.51,1821.89
O0877,2025-05-21,C062,P011,6,0.0,2467.62,0.0,2467.62
O0878,2025-11-14,C008,P046,4,0.15,1161.6,174.24,987.36
O0879,2025-05-17,C056,P015,3,0.1,1151.4,115.14,1036.26
O0880,2025-07-23,C052,P006,1,0.0,292.99,0.0,292.99
O0881,2025-01-19,C068,P011,1,0.1,411.27,41.13,370.14
O0882,2025-12-17,C011,P038,4,0.1,1332.48,133.25,1199.23
O0883,2025-06-16,C032,P049,7,0.1,1892.38,189.24,1703.14
O0884,2025-12-17,C023,P044,3,0.0,598.68,0.0,598.68
O0885,2025-09-03,C053,P020,6,0.15,1462.68,219.4,1243.28
O0886,2025-04-20,C038,P028,5,0.1,1239.95,124.0,1115.95
O0887,2025-08-27,C061,P029,4,0.15,648.88,97.33,551.55
O0888,2025-02-20,C064,P045,3,0.15,1091.82,163.77,928.05
O0889,2025-08-13,C017,P024,5,0.05,310.65,15.53,295.12
O0890,2025-12-03,C066,P006,7,0.1,2050.93,205.09,1845.84
O0891,2025-10-06,C074,P024,3,0.1,186.39,18.64,167.75
O0892,2025-06-14,C032,P016,6,0.1,2519.16,251.92,2267.24
O0893,2025-12-06,C030,P033,7,0.1,2407.37,240.74,2166.63
O0894,2025-02-21,C064,P037,6,0.2,2222.64,444.53,1778.11
O0895,2025-02-08,C044,P011,5,0.0,2056.35,0.0,2056.35
O0896,2025-02-24,C004,P007,4,0.15,1360.04,204.01,1156.03
O0897,2025-12-18,C041,P048,3,0.1,774.99,77.5,697.49
O0898,2025-10-06,C042,P011,7,0.1,2878.89,287.89,2591.0
O0899,2025-08-28,C051,P024,8,0.05,497.04,24.85,472.19
O0900,2025-12-10,C065,P032,1,0.1,359.6,35.96,323.64
